<?xml version="1.0" encoding="UTF-8"?><metadata xmlns:xsi="http://www.w3.org/2001/XMLSchema-instance" xsi:noNamespaceSchemaLocation="http://www.conabio.gob.mx/informacion/gis/schemas/fgdc/fgdc-std-001-1998.xsd"><idinfo><citation><citeinfo><origin>SEMARNAT-CONANP, (01/11/2017). &apos;182ANP_Geo_ITRF08_Noviembre_2017&apos;, edici&#x00F3;n: 2017. Secretar&#x00ED;a de Medio Ambiente y Recursos Naturales, Comisi&#x00F3;n Nacional de &#x00C1;reas Naturales Protegidas. Ciudad de M&#x00E9;xico, M&#x00E9;xico. </origin><pubdate>20171206</pubdate><title>&#x00C1;reas Naturales Protegidas Federales de M&#x00E9;xico. Noviembre 2017</title><geoform>Shapefile. Formato vectorial compuesto por 4 archivos (shp, shx, dbf,prj)</geoform><onlink>http://www.conabio.gob.mx/informacion/metadata/gis/anpnov17gw.xml?_httpcache=yes&amp;_xsl=/db/metadata/xsl/fgdc_html.xsl&amp;_indent=no</onlink></citeinfo></citation><descript><abstract>Datos espaciales de las &#x00C1;reas Naturales Protegidas Federales de la Rep&#x00FA;blica Mexicana construidos en apego a los decretos de creaci&#x00F3;n publicados en el Diario Oficial de la Federaci&#x00F3;n. Manejo de datos espaciales con herramientas de los sistemas de informaci&#x00F3;n geogr&#x00E1;fica de la Comisi&#x00F3;n Nacional de las &#x00C1;reas Naturales Protegidas.</abstract><purpose>Proporcionar datos espaciales de las &#x00C1;reas Naturales Protegidas Federales de la Rep&#x00FA;blica.</purpose><supplinf>Todas las &#x00C1;reas Naturales Protegidas aqui presentadas cuentan con un decreto presidencial. La informaci&#x00F3;n contenida hasta la fecha es responsabilidad de la CONANP, la consulta y uso de la misma es responsabilidad del usuario. Todas las ANP presentadas en esta cobertura cuentan con un decreto presidencial. La CONANP se responsabiliza de los contenidos originales de la informaci&#x00F3;n difundida. Cualquier uso o modificaci&#x00F3;n de la misma es responsablididad del usuario. Todo uso de la informaci&#x00F3;n requiere de la autorizaci&#x00F3;n de la Instituci&#x00F3;n responsable y deber&#x00E1;n citarse las fuentes originales. Referencias en la web: http://sig.conanp.gob.mx/website/pagsig/info_shape.htm</supplinf></descript><timeperd><timeinfo><sngdate><caldate>00000000</caldate></sngdate></timeinfo><current>2007-2017</current></timeperd><status><progress>Complete</progress><update>No planeado</update></status><spdom><bounding><westbc>-118.634376525879</westbc><eastbc>-85.3972244262695</eastbc><northbc>32.4833335876465</northbc><southbc>11.968599319458</southbc></bounding></spdom><keywords><theme><themekt>CNB.ACCESO</themekt><themekey>publico</themekey></theme><theme><themekt>CNB.LICENCIA</themekt><themekey>CC_BY_NC_2.5_MX</themekey></theme><theme><themekt>CNB.VISIBILIDAD</themekt><themekey>0</themekey><themekey>10</themekey></theme><theme><themekt>ESTRUCTURA</themekt><themekey>region</themekey><themekey>biotic</themekey><themekey>anpnov17gw</themekey></theme><theme><themekt>CNB.ESCALA</themekt><themekey>No conocido</themekey></theme><theme><themekt>CONABIO</themekt><themekey>ANP</themekey><themekey>&#x00C1;reas</themekey><themekey>Biosfera</themekey><themekey>Categor&#x00ED;a</themekey><themekey>Manejo</themekey><themekey>Decreto</themekey><themekey>Flora</themekey><themekey>Fauna</themekey><themekey>Monumento</themekey><themekey>Nacional</themekey><themekey>Naturales</themekey><themekey>Protegidas</themekey><themekey>Recursos</themekey><themekey>Reserva</themekey><themekey>Santuarios</themekey><themekey>Parque</themekey></theme><place><placekt>CONABIO</placekt><placekey>	Playa Teopa</placekey><placekey>Playa Cuitzmala</placekey><placekey>Metzabok</placekey><placekey>Ca&#x00F1;&#x00F3;n del Usumacinta</placekey><placekey>Cabo Pulmo</placekey><placekey>Papigochic</placekey><placekey>Ca&#x00F1;&#x00F3;n del Sumidero</placekey><placekey>Bala'an K'aax</placekey><placekey>Meseta de Cacaxtla</placekey><placekey>Cerro de Garnica</placekey><placekey>Mapim&#x00ED;</placekey><placekey>Sierra de &#x00C1;lvarez</placekey><placekey>Yum Balam</placekey><placekey>Sierra La Mojonera</placekey><placekey>Playa de Rancho Nuevo</placekey><placekey>Sierra de San Pedro M&#x00E1;rtir</placekey><placekey>El Tepeyac</placekey><placekey>Cofre de Perote</placekey><placekey>R&#x00ED;a Lagartos</placekey><placekey>Cumbres de Majalca</placekey><placekey>Volc&#x00E1;n Nevado de Colima</placekey><placekey>Isla Guadalupe</placekey><placekey>Constituci&#x00F3;n de 1857</placekey><placekey>Insurgente Miguel Hidalgo y Costilla</placekey><placekey>Complejo Lagunar Ojo de Liebre</placekey><placekey>Manglares de Nichupt&#x00E9;</placekey><placekey>Barranca del Cupatitzio</placekey><placekey>Sistema Arrecifal Lobos-Tuxpan</placekey><placekey>C.A.D.N.R 043 Estado de Nayarit</placekey><placekey>Iztacc&#x00ED;huatl-Popocat&#x00E9;petl</placekey><placekey>Marismas Nacionales</placekey><placekey>Sierra Gorda de Guanajuato</placekey><placekey>Malinche o Matlalcu&#x00E9;yatl</placekey><placekey>Sierra del Abra Tanchipa</placekey><placekey>Boquer&#x00F3;n de Tonal&#x00E1;</placekey><placekey>Ci&#x00E9;negas del Lerma</placekey><placekey>Lacan-T&#x00FA;n Z.M. del Archipi&#x00E9;lago de San Lorenzo</placekey><placekey>M&#x00E9;danos de Samalayuca</placekey><placekey>Pico de Orizaba</placekey><placekey>Pico de Tanc&#x00ED;taro</placekey><placekey>Playa adyacente a la localidad denominada R&#x00ED;o Lagartos</placekey><placekey>Laguna Madre y Delta del R&#x00ED;o Bravo</placekey><placekey>Playa de Tierra Colorada</placekey><placekey>Lagunas de Montebello</placekey><placekey>Playa de Mismaloya</placekey><placekey>Tehuac&#x00E1;n-Cuicatl&#x00E1;n</placekey><placekey>Ca&#x00F1;&#x00F3;n del R&#x00ED;o Blanco</placekey><placekey>Cumbres de Monterrey</placekey><placekey>El Potos&#x00ED;</placekey><placekey>Tibur&#x00F3;n Ballena</placekey><placekey>C.A.D.N.R 026 Bajo R&#x00ED;o San Juan</placekey><placekey>Nevado de Toluca</placekey><placekey>Arrecifes de Xcalak</placekey><placekey>Nah&#x00E1;</placekey><placekey>Bosencheve</placekey><placekey>Sian Ka'an</placekey><placekey>Cerro de la Estrella</placekey><placekey>Sierra de Manantl&#x00E1;n</placekey><placekey>Sierra La Laguna</placekey><placekey>Desierto del Carmen o de Nixcongo</placekey><placekey>Desierto de los Leones</placekey><placekey>El Jabal&#x00ED;</placekey><placekey>Corredor Biol&#x00F3;gico Chichinautzin</placekey><placekey>Balandra</placekey><placekey>Cascada de Bassaseachic</placekey><placekey>Playa de Maruata y Colola</placekey><placekey>La Sepultura</placekey><placekey>Playa Piedra de Tlacoyunque</placekey><placekey>Los M&#x00E1;rmoles</placekey><placekey>Bah&#x00ED;a de Loreto</placekey><placekey>El Sabinal</placekey><placekey>Chamela-Cuixmala</placekey><placekey>Mariposa Monarca</placekey><placekey>Huatulco</placekey><placekey>ZPF los terrenos constitutivos de las Cuencas de los R&#x00ED;os Valle de Bravo</placekey><placekey>Malacatepec</placekey><placekey>Tilostoc y Temascaltepec</placekey><placekey>Palenque</placekey><placekey>Calakmul</placekey><placekey>Lago de Cam&#x00E9;cuaro</placekey><placekey>Tutuaca</placekey><placekey>Isla Contoy</placekey><placekey>El Chico</placekey><placekey>Yaxchil&#x00E1;n</placekey><placekey>Ocampo</placekey><placekey>Z.M. del Archipi&#x00E9;lago de Esp&#x00ED;ritu Santo</placekey><placekey>Sierra de &#x00C1;lamos R&#x00ED;o Cuchujaqui</placekey><placekey>Los Petenes</placekey><placekey>Cabo San Lucas</placekey><placekey>Los Remedios</placekey><placekey>Z.P.F.V. Cuenca Hidrogr&#x00E1;fica del R&#x00ED;o Necaxa</placekey><placekey>Islas La Pajarera</placekey><placekey>Cocinas</placekey><placekey>Mamut</placekey><placekey>Colorada</placekey><placekey>San Pedro</placekey><placekey>San Agust&#x00ED;n</placekey><placekey>San Andr&#x00E9;s y Negrita</placekey><placekey>Los Islotes</placekey><placekey>Los Anegados</placekey><placekey>Novillas</placekey><placekey>Mosca y Submarino (Islas de la Bah&#x00ED;a de Chamela)</placekey><placekey>Sierra Gorda</placekey><placekey>Sistema Arrecifal Veracruzano</placekey><placekey>Arrecifes de Sian Ka'an</placekey><placekey>Laguna de T&#x00E9;rminos</placekey><placekey>Islas Marietas</placekey><placekey>La Porci&#x00F3;n Norte y la Franja Costera Oriental</placekey><placekey>Terrestres y Marinas de la Isla de Cozumel</placekey><placekey>General Juan &#x00C1;lvarez</placekey><placekey>Arrecife de Puerto Morelos</placekey><placekey>Islas del Golfo de California</placekey><placekey>Los Novillos</placekey><placekey>Montes Azules</placekey><placekey>Janos</placekey><placekey>Z.M. Bah&#x00ED;a de los &#x00C1;ngeles</placekey><placekey>Canales de Ballenas y de Salsipuedes</placekey><placekey>Ray&#x00F3;n</placekey><placekey>Z.P.F. en los terrenos que se encuentran en los municipios de La Concordia</placekey><placekey>&#x00C1;ngel Albino Corzo</placekey><placekey>Villa Flores y Jiquipilas</placekey><placekey>Otoch Ma'ax Yetel Kooh</placekey><placekey>Barranca de Metztitl&#x00E1;n</placekey><placekey>Gogorr&#x00F3;n</placekey><placekey>Lagunas de Zempoala</placekey><placekey>La Primavera</placekey><placekey>Fuentes Brotantes de Tlalpan</placekey><placekey>Las Huertas</placekey><placekey>Playa El Tecu&#x00E1;n</placekey><placekey>Tula</placekey><placekey>Alto Golfo de California y Delta del R&#x00ED;o Colorado</placekey><placekey>Cascada de Agua Azul</placekey><placekey>El Vizca&#x00ED;no</placekey><placekey>Pantanos de Centla</placekey><placekey>Volc&#x00E1;n Tacan&#x00E1;</placekey><placekey>El Hist&#x00F3;rico Coyoac&#x00E1;n</placekey><placekey>Arrecifes de Cozumel</placekey><placekey>Revillagigedo</placekey><placekey>Molino de Flores Netzahualc&#x00F3;yotl</placekey><placekey>Banco Chinchorro</placekey><placekey>Selva El Ocote</placekey><placekey>Grutas de Cacahuamilpa</placekey><placekey>Benito Ju&#x00E1;rez</placekey><placekey>Playa Ceuta</placekey><placekey>Sierra de Huautla</placekey><placekey>Chan-Kin</placekey><placekey>Sierra de &#x00D3;rganos</placekey><placekey>Playa de la Isla Contoy</placekey><placekey>Zicuir&#x00E1;n-Infiernillo</placekey><placekey>Campo Verde</placekey><placekey>La Encrucijada</placekey><placekey>Xicot&#x00E9;ncatl</placekey><placekey>Playa Mexiquillo</placekey><placekey>Ca&#x00F1;&#x00F3;n de Santa Elena</placekey><placekey>R&#x00ED;o Bravo del Norte</placekey><placekey>Los Tuxtlas</placekey><placekey>Bonampak</placekey><placekey>El Cimatario</placekey><placekey>Playa de la Bah&#x00ED;a de Chacahua</placekey><placekey>Dzibilchant&#x00FA;n</placekey><placekey>El Triunfo</placekey><placekey>Insurgente Jos&#x00E9; Mar&#x00ED;a Morelos</placekey><placekey>Costa Occidental de Isla Mujeres</placekey><placekey>Punta Canc&#x00FA;n</placekey><placekey>Punta Nizuc</placekey><placekey>Isla Isabel</placekey><placekey>Sierra de Quila</placekey><placekey>Lagunas de Chacahua</placekey><placekey>Playa de Escobilla</placekey><placekey>Tulum</placekey><placekey>Sacromonte</placekey><placekey>El Veladero</placekey><placekey>Lomas de Padierna</placekey><placekey>Uaymil</placekey><placekey>Arrecife Alacranes</placekey><placekey>Maderas del Carmen</placekey><placekey>R&#x00ED;a Celest&#x00FA;n</placekey><placekey>La Michil&#x00ED;a</placekey><placekey>Ventilas Hidrotermales de la Cuenca de Guaymas y de la Dorsal del Pac&#x00ED;fico Oriental</placekey><placekey>Yagul</placekey><placekey>Valle de los Cirios</placekey><placekey>Cerro de la Silla</placekey><placekey>Islas Mar&#x00ED;as</placekey><placekey>Playa de Puerto Arista</placekey><placekey>C.A.D.N.R 001 Pabell&#x00F3;n</placekey><placekey>Cerro de las Campanas</placekey><placekey>Cuatroci&#x00E9;negas</placekey><placekey>Cumbres del Ajusco</placekey><placekey>Isla San Pedro M&#x00E1;rtir</placekey><placekey>El Pinacate</placekey><placekey>Gran Desierto de Altar</placekey><placekey>Playa El Verde Camacho</placekey><placekey>C.A.D.N.R 004 Don Mart&#x00ED;n</placekey><placekey>El Tepozteco</placekey><placekey>Cerro Mohinora</placekey><placekey>Islas del Pac&#x00ED;fico de la Pen&#x00ED;nsula de Baja California</placekey><placekey>Pac&#x00ED;fico Mexicano Profundo</placekey><placekey>Sierra de Tamaulipas</placekey><placekey>Caribe Mexicano</placekey><placekey>Bavispe</placekey></place></keywords><accconst>Sin restricciones</accconst><useconst>No se permite utilizar estos datos con fines lucrativos y se debe citar la fuente del mapa y a CONABIO. Ver la licencia completa en http://creativecommons.org/licenses/by-nc/2.5/mx/</useconst><browse><browsen>http://www.conabio.gob.mx/informacion/gis/layouts/anpnov17gw.png</browsen><browsed>Mapa ilustrativo de &#x00C1;reas Naturales Protegidas Federales de M&#x00E9;xico. Noviembre 2017. La proyecci&#x00F3;n citada, es exclusiva para el dise&#x00F1;o de esta imagen.</browsed><browset>png</browset></browse><native>Esri ArcGIS 10.1, Windows</native></idinfo><dataqual><logic>Campo y Gabinete</logic><complete>Es importante se&#x00F1;alar que para el establecimiento de una &#x00C1;rea Natural Protegida Federal deben realizarse estudios de campo y la delimitaci&#x00F3;n de sus v&#x00E9;rtices se realiza con la ayuda de geoposicionadores. En gabinete es elaborada la descripci&#x00F3;n lim&#x00ED;trofe anal&#x00ED;tica-topogr&#x00E1;fica que posteriormente ser&#x00E1; expresada mediante un decreto presidencial que las delimita. La informaci&#x00F3;n aqu&#x00ED; presentada se elabor&#x00F3; tomando como base informaci&#x00F3;n del INEGI y que ha desarrollado la CONANP empleando el SIG.</complete><lineage><srcinfo><srccite><citeinfo><origin>No conocido</origin><pubdate>00000000</pubdate><title>No conocido</title><geoform>No conocido</geoform></citeinfo></srccite><srcscale>9999999</srcscale><typesrc>Digital</typesrc><srctime><timeinfo><sngdate><caldate>00000000</caldate></sngdate></timeinfo><srccurr>No conocido</srccurr></srctime><srccitea>No conocido</srccitea><srccontr>CONANP, (2016), &apos;&#x00C1;reas Naturales Protegidas Federales de la Rep&#x00FA;blica Mexicana&apos;, 2017, Comisi&#x00F3;n Nacional de &#x00C1;reas Protegidas, http://sig.conanp.gob.mx/website/pagsig/info_shape.htm, Ciudad de M&#x00E9;xico, M&#x00E9;xico.</srccontr></srcinfo><srcinfo><srccite><citeinfo><origin>No conocido</origin><pubdate>00000000</pubdate><title>No conocido</title><geoform>No conocido</geoform></citeinfo></srccite><srcscale>50000</srcscale><typesrc>No conocido</typesrc><srctime><timeinfo><sngdate><caldate>00000000</caldate></sngdate></timeinfo><srccurr>No conocido</srccurr></srctime><srccitea>No conocido</srccitea><srccontr>INEGI, (1995/01/01), &apos;Cartas Topogr&#x00E1;ficas&apos;, Escala 1:50000. Intituto Nacional de Estad&#x00ED;stica y Geograf&#x00ED;a, Aguascalientes, M&#x00E9;xico.</srccontr></srcinfo><srcinfo><srccite><citeinfo><origin>No conocido</origin><pubdate>00000000</pubdate><title>No conocido</title><geoform>No conocido</geoform></citeinfo></srccite><srcscale>250000</srcscale><typesrc>No conocido</typesrc><srctime><timeinfo><sngdate><caldate>00000000</caldate></sngdate></timeinfo><srccurr>No conocido</srccurr></srctime><srccitea>No conocido</srccitea><srccontr>INEGI, (1995/01/01), &apos;Cartas Topograficas&apos;, Escala 1:250000. Intituto Nacional de Estad&#x00ED;stica y Geograf&#x00ED;a, Aguascalientes, M&#x00E9;xico.</srccontr></srcinfo><procstep><procdesc>Se ajusta el pol&#x00ED;gono del APFyF Tutuaca, al l&#x00ED;mite pol&#x00ED;tico de 1949 del Estado de Chihuahua. Los l&#x00ED;mites de las &#x00C1;reas Naturales Protegidas son construidos en apego a lo descrito en los decretos de creaci&#x00F3;n publicados en el Diario Oficial de la Federaci&#x00F3;n, tomando como insumos planos oficiales, cuadros de construcci&#x00F3;n e incluy&#x00E9;ndolos a los sistemas de informaci&#x00F3;n geogr&#x00E1;fica institucional a partir del a&#x00F1;o 2000. Los l&#x00ED;mites de las &#x00C1;reas Naturales Protegidas que son descritos por rasgos topon&#x00ED;micos, se construyen y ajustan de acuerdo a datos espaciales m&#x00E1;s precisos a los cuales esta Comisi&#x00F3;n Nacional tiene acceso. Se integran dos nuevas &#x00C1;reas Naturales Protegidas a partir del 22 de septiembre de 2008, publicado en el Diario Oficial de la Federaci&#x00F3;n, APFyF Boquer&#x00F3;n de Tonal&#x00E1; y el APFyF Ca&#x00F1;&#x00F3;n del Usumacinta. Se ajusta el pol&#x00ED;gono de la Reserva de la Biosfera Sierra Gorda, conforme al decreto del DOF del d&#x00ED;a 19 de Mayo de 1997, de acuerdo a la descripci&#x00F3;n topon&#x00ED;mica de los l&#x00ED;mites la cual se ajusta al Marco Geoestad&#x00ED;stico Municipal del a&#x00F1;o 1995 y al Conjunto de datos vectoriales de la carta topogr&#x00E1;fica-Red Hidrol&#x00F3;gica de INEGI escala 1:50,000 El pol&#x00ED;gono de las Islas de San Lorenzo del ANP Islas del Golfo de California, cambian los l&#x00ED;mites, usando im&#x00E1;genes de sat&#x00E9;lite y levantamientos en campo del 16 de nov del 2002. Se ajusta el pol&#x00ED;gono del Parque Nacional Dzibilchant&#x00FA;n, seg&#x00FA;n lo descrito en el plano oficial de mayo 2012. Se construy&#x00F3; el pol&#x00ED;gono del APRN Zona Protectora Forestal los Terrenos Constitutivos de las Cuencas de los r&#x00ED;os Valle de Bravo, Malacatepec, Tilostoc y Temascaltepec, de acuerdo a los siguientes insumos: -Informaci&#x00F3;n espacial escala 1:50,000 cartas INEGI -E14-A36 Villa de Allende; E14-A37 San Miguel Zinacantepec; -E14-A46 Valle de Bravo y E14-A47 Volc&#x00E1;n Nevado de Toluca. -INEGI 2010. Red Hidrogr&#x00E1;fica escala 1:50,000 Edici&#x00F3;n 2.0. Subcuencas Hidrogr&#x00E1;ficas RH18Gg R. Tilostoc y RH18Gf R. Temascaltepec /Cuenca Cutzamala/R.H. Balsas -L&#x00ED;mite Oficial de la RB Mariposa Monarca (DOF 2000) -L&#x00ED;mite Oficial PN Bosencheve (DOF 1940) -L&#x00ED;mite Oficial del APFF Nevado de Toluca (DOF 1936 y 2013) -INEGI 2013. Marco Geoestad&#x00ED;stico Versi&#x00F3;n 6.0 -Modelo Digital de Elevaci&#x00F3;n de 15 metros del INEGI La Subdirecci&#x00F3;n encargada de la Coordinaci&#x00F3;n de Geom&#x00E1;tica identific&#x00F3; los l&#x00ED;mites del &#x00E1;rea en apego a lo descrito en el Decreto de creaci&#x00F3;n (DOF 1941) y al Acuerdo Secretarial (DOF 2005). La determinaci&#x00F3;n de los l&#x00ED;mites y el c&#x00E1;lculo de superficie se hizo con el an&#x00E1;lisis espacial de los insumos utilizando herramientas de los sistemas de informaci&#x00F3;n geogr&#x00E1;fica. El l&#x00ED;mite oficial del &#x00C1;rea de Protecci&#x00F3;n de Recursos Naturales &apos;Zona Protectora Forestal los Terrenos Constitutivos de las Cuencas de los r&#x00ED;os Valle de Bravo, Malacatepec, Tilostoc y Temascaltepec&apos;, fue validado por la Direcci&#x00F3;n del &#x00C1;rea, la Direcci&#x00F3;n Regional Centro y Eje Neovolc&#x00E1;nico, y la Direcci&#x00F3;n de Asuntos Jur&#x00ED;dicos de la Comisi&#x00F3;n Nacional de &#x00C1;reas Naturales Protegidas. Se ajustaron los pol&#x00ED;gonos de las siguientes &#x00C1;reas Naturales Protegidas, conforme a insumos de mayor precisi&#x00F3;n: Valle de los Cirios, Cofre de Perote, El Potos&#x00ED;, El Sabinal, Sacromonte, Complejo Lagunar Ojo de Liebre, Gogorr&#x00F3;n, Bah&#x00ED;as de Huatulco, General Juan &#x00C1;lvarez, Islas de la Bah&#x00ED;a de Chamela, Manglares de Nichupt&#x00E9;, Las Huertas, Tula, Xicot&#x00E9;ncatl, La Primavera, Cascada de Agua Azul, Nah&#x00E1;, Bah&#x00ED;a de los &#x00C1;ngeles Canales de Ballenas y Salsipuedes. Se ajusta el pol&#x00ED;gono del ANP Complejo Lagunar Ojo de Liebre, se toman como base las im&#x00E1;genes de sat&#x00E9;lite SPOT de 2.5 metros de resoluci&#x00F3;n espacial de fecha 15 de diciembre y 26 de diciembre de 2009, y en Valle de los Cirios se hacen los cambios pertinentes. Se adiciona el pol&#x00ED;gono de la nueva AFFyF Balandra, seg&#x00FA;n decreto del DOF con fecha de 30 de noviembre del 2012. Se ajust&#x00F3; el pol&#x00ED;gono del Parque Nacional Malinche o Matlalcu&#x00E9;yatl y del Parque Nacional Los Remedios. Se adicion&#x00F3; el pol&#x00ED;gono del ANP &apos;Marismas Nacionales&apos;, decretada el 12 de Mayo del 2010. -Se realiz&#x00F3; correcci&#x00F3;n topol&#x00F3;gica en sobrelape de pol&#x00ED;gonos. -Se a&#x00F1;adi&#x00F3; el campo ID_ANP, que incluye un n&#x00FA;mero como identificador asignado por ANP, tomando como n&#x00FA;mero consecutivo la fecha del &#x00FA;ltimo decreto. Se ajusta el pol&#x00ED;gono del Parque Nacional Sistema Arrecifal Veracruzano, seg&#x00FA;n lo descrito en el DOF del d&#x00ED;a 29 de Noviembre del 2013. Se anex&#x00F3; a la base de datos el campo ID_07, coloc&#x00E1;ndole un identificador &#x00FA;nico a cada ANP, con base en el &apos;ACUERDO por el que se establecen nueve Direcciones Regionales de la Comisi&#x00F3;n Nacional de &#x00C1;reas Naturales Protegidas&apos;, de fecha 20 de Julio de 2007. Este identificador se utilizar&#x00E1; como oficial para cada una de las ANP en la cobertura, est&#x00E1; compuesto por cuatro d&#x00ED;gitos, donde el primero corresponde a la Regi&#x00F3;n, el segundo a la categor&#x00ED;a por regi&#x00F3;n y el tercero-cuarto digito al ANP conforme la lista de dicho Acuerdo. Las ANP publicadas posterior a &#x00E9;ste se enlistaron al final en la categor&#x00ED;a y regi&#x00F3;n que le corresponde. Las ANP Islas del Golfo de California y C.A.D.N.R. 043 Estado de Nayarit, abarcan seg&#x00FA;n el acuerdo del DOF dos regiones sin embargo para asignarle identificador se us&#x00F3; la primer regi&#x00F3;n seg&#x00FA;n la lista de dicho acuerdo. Se incluye el pol&#x00ED;gono del ANP Nevado de Toluca, de acuerdo al oficio F00/DGCD/126/2013, de fecha 26 de abril de 2013 y el oficio F00.DGCD.-139/2013, de fecha 07 de mayo de 2013, donde se env&#x00ED;a la propuesta final del pol&#x00ED;gono general y los metadatos. La Reforma se public&#x00F3; en el DOF el d&#x00ED;a 01 de octubre de 2013, as&#x00ED; como la modificaci&#x00F3;n en la base de datos del Parque Nacional Nevado de Toluca a &#x00C1;rea de Protecci&#x00F3;n de Flora y Fauna, seg&#x00FA;n lo descrito en esta Reforma. Se cambiaron los pol&#x00ED;gonos de las Playas Tortugueras de acuerdo a los Planos Oficiales que se entregan certificados, con firmas y sellos correspondientes, seg&#x00FA;n Memor&#x00E1;ndum No. SECG/040/2014 de fecha 29 de agosto de 2014. Se ajusta el pol&#x00ED;gono de Cumbres de Majalca, debido a la realizaci&#x00F3;n del levantamiento topogr&#x00E1;fico del 24-28 de septiembre del 2012, as&#x00ED; mismo la Direcci&#x00F3;n del ANP, cuenta con informaci&#x00F3;n de tenencia de la tierra del PROCEDE y del RAN, en la cual se bas&#x00F3; para ubicar los v&#x00E9;rtices de la poligonal. Se sustituye el pol&#x00ED;gono del ANP Lacan-Tun por el pol&#x00ED;gono de rumbos y distancias. Se adiciona el pol&#x00ED;gono del ANP La Porci&#x00F3;n Norte y la Franja Costera Oriental, Terrestres y Marinas de la Isla de Cozumel, decretada seg&#x00FA;n DOF del 25 septiembre 2012. Se ajust&#x00F3; el pol&#x00ED;gono del Parque Nacional Ca&#x00F1;&#x00F3;n del Sumidero, seg&#x00FA;n decreto del 06 de febrero de 1981. - Ajuste al plano oficial del Parque Nacional Iztacc&#x00ED;huatl-Popocat&#x00E9;petl, de acuerdo al criterio conformado mediante el oficio n&#x00FA;mero 112.-00004553 del 11 de octubre del 2010, signado por el Lic. Wilehaldo David Cruz Bressant, titular de la Unidad Coordinadora de Asuntos Jur&#x00ED;dicos de la SEMARNAT, quedando una superficie de 39,819.086 hect&#x00E1;reas. - Ajuste del Parque Nacional Dzibilchant&#x00FA;n, seg&#x00FA;n el decreto actualizado en campo, coordenadas reales. - Ajuste de l&#x00ED;mites del Parque Nacional Costa Occidental de Isla Mujeres, Punta Canc&#x00FA;n y Punta Nizuc, de acuerdo al levantamiento en campo de la l&#x00ED;nea de costa con GPS de alta precisi&#x00F3;n. Se adiciona el pol&#x00ED;gono de la nueva &#x00C1;rea Natural Protegida Cerro Mohinora, decretada el d&#x00ED;a 10 de Julio 2015, seg&#x00FA;n el Diario Oficial de la Federaci&#x00F3;n (DOF), con categor&#x00ED;a de &#x00C1;rea de Protecci&#x00F3;n de Flora y Fauna. Se adicionan los pol&#x00ED;gonos de cuatro nuevas &#x00C1;reas Naturales Protegidas; Islas del Pac&#x00ED;fico de la Pen&#x00ED;nsula de Baja California, Pac&#x00ED;fico Mexicano Profundo, Sierra de Tamaulipas y Caribe Mexicano. Decretadas el d&#x00ED;a 07 de Diciembre 2016, seg&#x00FA;n el DOF, con categor&#x00ED;a de Reserva de la Biosfera. Se realiz&#x00F3; la modificaci&#x00F3;n del pol&#x00ED;gono de la APFF Sierra de Quila de acuerdo a los l&#x00ED;mites establecidos en su Decreto de Creaci&#x00F3;n con fecha 4 de agosto de 1982. Estos ajustes son resultado de la Relator&#x00ED;a T&#x00E9;cnica relativa a la definici&#x00F3;n del pol&#x00ED;gono general y a la superficie correspondiente de septiembre de 2016. El 22 de mayo de 2017 se publica en el Diario Oficial de la Federaci&#x00F3;n el acuerdo por el que se da a conocer el resumen del Programa de Manejo de las &#x00C1;reas Naturales Protegidas con categor&#x00ED;a de APFyF Papigochic, Cascada de Agua Azul y Cerro Mohinora, as&#x00ED; como el del PN Sistema Arrecifal Veracruzano. Con fecha 22 de mayo de 2017 se publica en el Diario Oficial de la Federaci&#x00F3;n el acuerdo por el que se modifican los Art&#x00ED;culos Segundo y Tercero, y se adiciona el Art&#x00ED;culo Segundo Bis, del Acuerdo por el que se establecen nueve direcciones regionales de la CONANP, publicado el 20 de julio de 2007. Es decir que tanto la RB Mariposa Monarca como el PN Bosencheve dejan de ser parte de la Regi&#x00F3;n Occidente y Pac&#x00ED;fico Centro para pertenecer ahora a la circunscripci&#x00F3;n de la Regi&#x00F3;n Centro y Eje Neovolc&#x00E1;nico. Por lo cual se agrega el campo a la base de datos &apos;ID_ANP&apos;. Se adiciona el campo &apos;ID_ANP&apos; a la base de datos, &#x00E9;ste es un C&#x00F3;digo identificador con el cual se conoce la circunscripci&#x00F3;n territorial de cada ANP por Direcci&#x00F3;n Regional, Categor&#x00ED;a de Manejo y orden de establecimiento tanto al interior de la Direcci&#x00F3;n Regional, como a nivel nacional. Est&#x00E1; compuesto por cuatro valores: Primer Valor, es el n&#x00FA;mero designado a cada Direcci&#x00F3;n Regional por medio del Acuerdo por el que se establecieron las nueve Direcciones Regionales de la CONANP, publicado en el DOF el 20 de julio de 2007., Segundo Valor, corresponde a la Categor&#x00ED;a de Manejo de acuerdo con el Art. 46 de la vigente LGEEPA, (los valores van del 1 al 8, sin considerar el 2 y 5 pues son categor&#x00ED;as derogadas)., Tercer Valor, formado por dos d&#x00ED;gitos que corresponden al n&#x00FA;mero consecutivo y cronol&#x00F3;gico por categor&#x00ED;a de manejo, dentro de la Direcci&#x00F3;n Regional de acuerdo al establecimiento del ANP (valores del 1 al 99). y Cuarto valor, formado por tres d&#x00ED;gitos que corresponden al n&#x00FA;mero consecutivo de acuerdo a la fecha de decreto del ANP (valores del 1 al 999). Con fecha 22 de mayo de 2017 se publica en el Diario Oficial de la Federaci&#x00F3;n el acuerdo para dotar con la categor&#x00ED;a de &#x00C1;rea de Protecci&#x00F3;n de Flora y Fauna a la Reserva Forestal Nacional y Refugio de la Fauna Silvestre Bavispe por lo cual se agrega esta ANP conformando as&#x00ED; 182 &#x00C1;reas Naturales Protegidas Federales. Se publica en el Diario Oficial de la Federaci&#x00F3;n el decreto del Parque Nacional Revillagigedo y la abrogaci&#x00F3;n de la Reserva de la Biosfera Archipi&#x00E9;lago de Revillagigedo, con fecha 27 de noviembre de 2017.</procdesc><procdate>00000000</procdate></procstep></lineage></dataqual><spdoinfo><direct>Vector</direct><ptvctinf><sdtsterm ><sdtstype>G-polygon</sdtstype><ptvctcnt>182</ptvctcnt></sdtsterm></ptvctinf></spdoinfo><spref><horizsys><geograph><latres>0.0174532925199433</latres><longres>0.0174532925199433</longres><geogunit>Decimal degrees</geogunit></geograph><geodetic><horizdn>WGS84</horizdn><ellips>WGS84</ellips><semiaxis>6378137.000000</semiaxis><denflat>298.257224</denflat></geodetic></horizsys></spref><eainfo><detailed><enttyp><enttypl>ANPNOV17GW.DBF</enttypl><enttypd>Describe los atributos de las &#x00C1;reas Naturales Protegidas Federales</enttypd><enttypds>No conocido</enttypds></enttyp><attr><attrlabl>ID_ANP</attrlabl><attrdef>Car&#x00E1;cter</attrdef><attrdefs>CONANP</attrdefs><attrdomv><udom>C&#x00F3;digo de identificaci&#x00F3;n del &#x00C1;rea Natural Protegida</udom></attrdomv><attrvai><attrva>1</attrva><attrvae>No aplica</attrvae></attrvai></attr><attr><attrlabl>NOMBRE</attrlabl><attrdef>Car&#x00E1;cter</attrdef><attrdefs>Diario Oficial de la Federaci&#x00F3;n</attrdefs><attrdomv><udom>Nombre que se le asigna a cada una de las ANP, seg&#x00FA;n el Diario Oficial de la Federaci&#x00F3;n</udom></attrdomv><attrvai><attrva>1</attrva><attrvae>No aplica</attrvae></attrvai></attr><attr><attrlabl>CAT_DECRET</attrlabl><attrdef>Car&#x00E1;cter</attrdef><attrdefs>Diario Oficial de la Federaci&#x00F3;n</attrdefs><attrdomv><udom>Categor&#x00ED;a de decreto seg&#x00FA;n el DOF</udom></attrdomv><attrvai><attrva>1</attrva><attrvae>No aplica</attrvae></attrvai></attr><attr><attrlabl>CAT_MANEJO</attrlabl><attrdef>Car&#x00E1;cter</attrdef><attrdefs>Ley General del Equilibrio Ecol&#x00F3;gico y Protecci&#x00F3;n al Ambiente, T&#x00ED;tulo II, Cap1. / Diario Oficial de la Federaci&#x00F3;n</attrdefs><attrdomv><udom>Categor&#x00ED;a que define al ANP por su vocaci&#x00F3;n y caracter&#x00ED;sticas, de acuerdo a las modificaciones realizadas en la LGEEPA</udom></attrdomv><attrvai><attrva>1</attrva><attrvae>No aplica</attrvae></attrvai></attr><attr><attrlabl>ESTADOS</attrlabl><attrdef>Car&#x00E1;cter</attrdef><attrdefs>INEGI</attrdefs><attrdomv><udom>Estados en donde se ubican las ANP</udom></attrdomv><attrvai><attrva>1</attrva><attrvae>No aplica</attrvae></attrvai></attr><attr><attrlabl>MUNICIPIOS</attrlabl><attrdef>Car&#x00E1;cter</attrdef><attrdefs>INEGI</attrdefs><attrdomv><udom>Municipios en donde se ubican las ANP</udom></attrdomv><attrvai><attrva>1</attrva><attrvae>No aplica</attrvae></attrvai></attr><attr><attrlabl>REGION</attrlabl><attrdef>Car&#x00E1;cter</attrdef><attrdefs>SIG-CONANP</attrdefs><attrdomv><udom>Regionalizaci&#x00F3;n de la CONANP</udom></attrdomv><attrvai><attrva>1</attrva><attrvae>No aplica</attrvae></attrvai></attr><attr><attrlabl>SUPERFICIE</attrlabl><attrdef>Num&#x00E9;rico</attrdef><attrdefs>CONANP</attrdefs><attrdomv><udom>Superficie total en hect&#x00E1;reas, decretada y calculada.</udom></attrdomv><attrvai><attrva>1</attrva><attrvae>Ha</attrvae></attrvai></attr><attr><attrlabl>S_TERRES</attrlabl><attrdef>Num&#x00E9;rico</attrdef><attrdefs>CONANP</attrdefs><attrdomv><udom>Superficie terrestre en hect&#x00E1;reas, decretada y calculada</udom></attrdomv><attrvai><attrva>1</attrva><attrvae>Ha</attrvae></attrvai></attr><attr><attrlabl>S_MARINA</attrlabl><attrdef>Num&#x00E9;rico</attrdef><attrdefs>CONANP</attrdefs><attrdomv><udom>Superficie marina en hect&#x00E1;reas, decretada y calculada</udom></attrdomv><attrvai><attrva>1</attrva><attrvae>Ha</attrvae></attrvai></attr><attr><attrlabl>PRIM_DEC</attrlabl><attrdef>Num&#x00E9;rico</attrdef><attrdefs>Diario Oficial de la Federaci&#x00F3;n</attrdefs><attrdomv><udom>Fecha de la primera publicaci&#x00F3;n en el DOF</udom></attrdomv><attrvai><attrva>1</attrva><attrvae>No aplica</attrvae></attrvai></attr><attr><attrlabl>ULT_DOF</attrlabl><attrdef>Num&#x00E9;rico</attrdef><attrdefs>Diario Oficial de la Federaci&#x00F3;n</attrdefs><attrdomv><udom>Fecha de la &#x00FA;ltima publicaci&#x00F3;n en el DOF</udom></attrdomv><attrvai><attrva>1</attrva><attrvae>No aplica</attrvae></attrvai></attr><attr><attrlabl>PCM1</attrlabl><attrdef>Num&#x00E9;rico</attrdef><attrdefs>Diario oficial de la Federaci&#x00F3;n</attrdefs><attrdomv><udom>Fecha de publicaci&#x00F3;n en el Diario Oficial de la Federaci&#x00F3;n del Programa de Conservaci&#x00F3;n y Manejo del &#x00C1;rea Natural Protegida.</udom></attrdomv><attrvai><attrva>1</attrva><attrvae>No aplica</attrvae></attrvai></attr><attr><attrlabl>SINAP</attrlabl><attrdef>Car&#x00E1;cter</attrdef><attrdefs>CONANP</attrdefs><attrdomv><udom>Registro en el Sistema Nacional de &#x00C1;reas Protegidas (SINAP)</udom></attrdomv><attrvai><attrva>1</attrva><attrvae>No aplica</attrvae></attrvai></attr><attr><attrlabl>ETIQUETA</attrlabl><attrdef>Car&#x00E1;cter</attrdef><attrdefs>CONANP</attrdefs><attrdomv><udom>Nombre de la ANP</udom></attrdomv><attrvai><attrva>1</attrva><attrvae>No aplica</attrvae></attrvai></attr><attr><attrlabl>NUMPOLIGON</attrlabl><attrdef>Num&#x00E9;rico</attrdef><attrdefs>CONANP</attrdefs><attrdomv><udom>N&#x00FA;mero de pol&#x00ED;gonos con el mismo valor de la ANP</udom></attrdomv><attrvai><attrva>1</attrva><attrvae>No aplica</attrvae></attrvai></attr><attr><attrlabl>CITA</attrlabl><attrdef>Car&#x00E1;cter</attrdef><attrdefs>CONABIO</attrdefs><attrdomv><udom>Cita al mapa</udom></attrdomv><attrvai><attrva>1</attrva><attrvae>No aplica</attrvae></attrvai></attr></detailed></eainfo><distinfo><distrib><cntinfo><cntorgp><cntorg>CONABIO</cntorg><cntper>Jose Manuel Davila Rosas</cntper></cntorgp><cntpos>Subcoordinador de Sistemas de Informaci&#x00F3;n Geogr&#x00E1;fica</cntpos><cntaddr><addrtype>mailing and physical address</addrtype><address>Liga Perif&#x00E9;rico Insurgentes Sur Num. 4903 1er piso. Col. Parques del Pedregal. Delg. Tlalpan</address><city>Ciudad de M&#x00E9;xico</city><state>D.F.</state><postal>14010</postal><country>M&#x00E9;xico</country></cntaddr><cntvoice>50045012</cntvoice><cntfax>50044931</cntfax><cntemail>jdavila@conabio.gob.mx</cntemail><hours>Lunes a Viernes de 8 a 18 hrs.</hours></cntinfo></distrib><resdesc>anpnov17gw</resdesc><distliab>La Subdirecci&#x00F3;n de Sistemas de Informaci&#x00F3;n Geogr&#x00E1;fica de la CONABIO solo se hace responsable de la informaci&#x00F3;n presentada en el mapa y se deslinda del uso que se le de a la misma.</distliab><stdorder><digform><digtinfo><formname>ESRI Shapefile (SHP)</formname><formverd>199807</formverd><filedec>compactado en ZIP</filedec><transize>7.13</transize></digtinfo><digtopt><onlinopt><computer><networka><networkr> http://www.conabio.gob.mx/informacion/gis/maps/geo/anpnov17gw.zip</networkr></networka></computer><accinstr>Coordenadas geogr&#x00E1;ficas WGS84. (EPSG:4326). Formato vectorial de almacenamiento de elementos geogr&#x00E1;ficos y sus atributos asociados. </accinstr></onlinopt></digtopt></digform><digform><digtinfo><formname>Google Earth (KML)</formname><formvern>2.2</formvern><filedec>compactado como KMZ</filedec></digtinfo><digtopt><onlinopt><computer><networka><networkr> http://www.conabio.gob.mx/informacion/gis/maps/kmz/anpnov17gw.kmz</networkr></networka></computer><accinstr>Coordenadas geogr&#x00E1;ficas WGS84. (EPSG:4326). Los archivos KML representan datos geogr&#x00E1;ficos para Google Earth, a menudo suelen distribuirse comprimidos como KMZ.</accinstr></onlinopt></digtopt></digform><digform><digtinfo><formname>CNB.GEO.TMS</formname><formvern>1.0.0</formvern><formspec>PNG</formspec></digtinfo><digtopt><onlinopt><computer><networka><networkr>http://wms0.conabio.gob.mx/anpnov17gw.py/</networkr><networkr>http://wms1.conabio.gob.mx/anpnov17gw.py/</networkr><networkr>http://wms2.conabio.gob.mx/anpnov17gw.py/</networkr></networka></computer></onlinopt></digtopt></digform><digform><digtinfo><formname>Servicio de im&#x00E1;genes (WMS)</formname><formvern>1.1.1</formvern></digtinfo><digtopt><onlinopt><computer><networka><networkr>http://www.conabio.gob.mx/informacion/explorer/wms?Format=image/gif&amp;request=GetMap&amp;version=1.1.1&amp;width=800&amp;height=424&amp;srs=EPSG:4326&amp;bbox=-120.0,13.8,-85.1,33.5&amp;layers=anpnov17gw</networkr></networka></computer><accinstr>Coordenadas geogr&#x00E1;ficas WGS84. (EPSG:4326). Servicio Web Map Service. Los mapas de datos referenciados espacialmente producidos se generan normalmente en un formato de imagen como PNG, GIF o JPEG, pueden se vistos en un SIG </accinstr></onlinopt></digtopt></digform><digform><digtinfo><formname>Mapa digital interactivo</formname><formvern>1.0</formvern></digtinfo><digtopt><onlinopt><computer><networka><networkr>http://www.conabio.gob.mx/informacion/gis/?vns=gis_root/region/biotic/anpnov17gw</networkr></networka></computer><accinstr>Coordenadas geogr&#x00E1;ficas WGS84. (EPSG:4326)</accinstr></onlinopt></digtopt></digform><fees>Acceso libre sin ning&#x00FA;n cargo al p&#x00FA;blico en general.</fees></stdorder><techpreq>Tener sistemas compatibles con archivos Shapefile, en caso que existan se pueden visualizar en Google Earth KML y/o conexi&#x00F3;n al servicio WMS.</techpreq></distinfo><metainfo><metd>20171206</metd><metc><cntinfo><cntorgp><cntorg>CONABIO</cntorg><cntper>Verena Ekaterina Ben&#x00ED;tez Ram&#x00ED;rez</cntper></cntorgp><cntpos>Administrador de Metadatos</cntpos><cntaddr><addrtype>mailing and physical address</addrtype><address>Liga Perif&#x00E9;rico Insurgentes Sur Num. 4903 1er piso. Col. Parques del Pedregal. Delg. Tlalpan</address><city>Ciudad de M&#x00E9;xico</city><state>D.F.</state><postal>14010</postal><country>M&#x00E9;xico</country></cntaddr><cntvoice>01 55 5004 4964</cntvoice><cntfax>50044931</cntfax><cntemail>vbenitez@conabio.gob.mx</cntemail><hours>Lunes a Viernes de 8 a 18 hrs.</hours></cntinfo></metc><metstdn>FGDC Content Standards for Digital Geospatial Metadata, 1998</metstdn><metstdv>FGDC-STD-001-1998 version 2.0</metstdv></metainfo></metadata>